45736890,False
46162950,True
46182216,False
46185562,True
46199787,False
46203248,True
46218471,False
46221839,True
46235074,False
46238443,True
46252678,False
46256058,True
46271293,False
46274665,True
46274845,False
46278747,True
46278913,False
46283817,True
46283985,False
46300270,True
46300434,False
46317984,True
46318158,False
46336478,True
46336646,False
46349168,True
46349331,False
46354345,True
46354522,False
46366776,True
46366948,False
46379214,True
46379388,False
46391614,True
46391790,False
46403993,True
46404153,False
46416475,True
46416649,False
46435894,True
46455086,False
46458405,True
46470917,False
46474123,True
46486125,False
46489430,True
46502428,False
46505774,True
46518275,False
46521775,True
46533781,False
46537093,True
46537267,False
46541267,True
46554489,False
46557799,True
46572022,False
46575366,True
46590588,False
46593892,True
46607120,False
46610465,True
46624693,False
46627980,True
46643210,False
46646408,True
46646566,False
46650608,True
46650776,False
46655642,True
46655818,False
46672197,True
46672375,False
46689757,True
46689936,False
46708135,True
46708309,False
46720726,True
46720860,False
46725929,True
46726105,False
46738355,True
46738531,False
46750743,True
46750919,False
46763283,True
46763459,False
46775598,True
46775770,False
46788044,True
46788218,False
46807481,True
46826631,False
46829935,True
46842452,False
46845768,True
46857774,False
46861088,True
46874095,False
46877426,True
46889935,False
46893324,True
46905329,False
46908640,True
46908798,False
46912753,True
46925984,False
46929286,True
46943515,False
46946849,True
46962083,False
46965411,True
46978638,False
46981964,True
46996222,False
46999521,True
47014772,False
47018115,True
47018293,False
47022185,True
47022359,False
47026893,True
47027071,False
47043557,True
47043735,False
47061126,True
47061297,False
47079635,True
47079790,False
47092033,True
47092197,False
47097443,True
47097595,False
47109911,True
47110089,False
47122258,True
47122432,False
47134648,True
47134806,False
47147117,True
47147292,False
47159573,True
47159749,False
47178999,True
47198122,False
47201618,True
47214145,False
47217470,True
47229481,False
47232787,True
47245797,False
47249119,True
47261638,False
47264828,True
47276850,False
47280138,True
47280315,False
47284277,True
47297519,False
47300822,True
47315057,False
47318393,True
47333636,False
47336940,True
47350180,False
47353490,True
47367728,False
47371034,True
47386281,False
47389592,True
47389757,False
47393690,True
47393865,False
47398473,True
47398648,False
47415103,True
47415270,False
47432356,True
47432531,False
47452240,True
47452399,False
47464676,True
47464854,False
47469906,True
47470066,False
47482450,True
47482618,False
47494832,True
47495005,False
47507192,True
47507367,False
47519667,True
47519815,False
47532117,True
47532294,False
47551602,True
47570701,False
47573899,True
47586418,False
47589729,True
47601743,False
47605061,True
47618084,False
47621442,True
47633964,False
47637282,True
47649305,False
47652587,True
47652761,False
47656713,True
47669960,False
47673289,True
47687543,False
47690854,True
47706106,False
47709350,True
47722588,False
47725895,True
47740136,False
47743407,True
47758650,False
47761984,True
47762158,False
47766032,True
47766158,False
47770822,True
47770994,False
47803917,True
47804089,False
47816308,True
47816450,False
47828764,True
47828938,False
47841218,True
47841384,False
47846465,True
47846622,False
47858972,True
47859147,False
47871389,True
47871561,False
47883756,True
47883933,False
47896213,True
47896390,False
47908672,True
47908846,False
47928130,True
47947243,False
47950453,True
47962974,False
47966267,True
47978298,False
47981660,True
47994688,False
47998020,True
48010573,False
48013909,True
48025941,False
48029228,True
48029402,False
48033330,True
48051796,False
48055094,True
48069342,False
48072673,True
48087919,False
48091243,True
48104491,False
48107820,True
48122066,False
48125366,True
48140614,False
48143924,True
48144101,False
48151253,True
48151428,False
48163769,True
48163947,False
48176100,True
48176273,False
48188502,True
48188666,False
48205455,True
48205615,False
48217913,True
48218078,False
48223173,True
48223336,False
48235689,True
48235865,False
48248096,True
48248272,False
48260473,True
48260634,False
48272924,True
48273060,False
48285388,True
48285568,False
48304825,True
48323959,False
48327158,True
48339703,False
48343020,True
48355060,False
48358432,True
48371481,False
48374817,True
48387358,False
48390694,True
48402733,False
48406029,True
48406205,False
48410146,True
48423394,False
48426698,True
48440950,False
48444305,True
48459558,False
48462787,True
48476032,False
48479306,True
48493562,False
48496836,True
48512082,False
48515425,True
48515597,False
48519461,True
48519587,False
48524311,True
48524485,False
48540758,True
48540931,False
48558226,True
48558400,False
48583871,True
48584043,False
48596302,True
48596475,False
48601643,True
48601821,False
48614165,True
48614341,False
48626462,True
48626632,False
48638894,True
48639072,False
48660182,True
48660350,False
48672549,True
48672681,False
48692028,True
48711187,False
48714518,True
48727067,False
48730401,True
48742441,False
48745763,True
48758805,False
48762114,True
48774650,False
48777989,True
48790018,False
48793324,True
48793503,False
48797432,True
48810683,False
48813995,True
48828247,False
48831551,True
48846806,False
48850116,True
48863368,False
48866696,True
48880943,False
48884239,True
48899484,False
48902829,True
48903005,False
48906917,True
48907053,False
48911576,True
48911752,False
48931569,True
48931702,False
48945684,True
48945863,False
48964131,True
48964305,False
48976441,True
48976589,False
48981974,True
48982146,False
48994414,True
48994578,False
49009934,True
49010104,False
49022319,True
49022494,False
49034737,True
49034913,False
49047153,True
49047317,False
49066570,True
49085740,False
49089044,True
49102989,False
49106301,True
49118343,False
49121676,True
49134713,False
49138006,True
49150548,False
49154074,True
49166108,False
49169402,True
49169531,False
49173512,True
49211574,False
49214892,True
49229146,False
49232461,True
49247710,False
49250882,True
49264141,False
49267465,True
49281718,False
49284888,True
49300154,False
49303490,True
49303665,False
49311784,True
49311942,False
49324197,True
49324370,False
49336645,True
49336801,False
49349042,True
49349212,False
49364908,True
49365080,False
49377298,True
49377474,False
49385797,True
49385967,False
49398211,True
49398391,False
49410583,True
49410753,False
49422942,True
49423087,False
49435605,True
49435740,False
49447874,True
49448005,False
49480685,True
49499815,False
49503175,True
49515716,False
49519028,True
49531075,False
49534375,True
49547405,False
49550723,True
49563265,False
49566585,True
49578622,False
49581918,True
49582074,False
49586048,True
49599307,False
49602611,True
49616873,False
49620171,True
49635434,False
49638725,True
49651979,False
49655314,True
49669582,False
49672890,True
49688151,False
49691471,True
49691645,False
49695483,True
49695641,False
49700127,True
49700299,False
49716843,True
49716976,False
49734250,True
49734426,False
49764421,True
49764580,False
